{"farClipRatio":20.0,"fov":45.0,"nearClipRatio":0.005,"projectionMode":"Perspective","viewMat":[0.12968884408474,2.06637196242809e-09,-0.991554498672485,-0.0722221955657005,-0.100131206214428,0.994887888431549,-0.0130964862182736,-1.9038382768631,0.986486673355103,0.100983932614326,0.129026189446449,-8.1769552230835,0.0,0.0,0.0,1.0],"windowHeight":1080,"windowWidth":1080}